scenario,step,time_before,dt,ratio,alpha,retries,max_cfl,min_density,min_pressure,max_component_velocity,min_energy_density_ratio,boundary_x_mass,boundary_x_momentum_x,boundary_x_momentum_y,boundary_x_energy,boundary_y_mass,boundary_y_momentum_x,boundary_y_momentum_y,boundary_y_energy
four-quadrants,1,0,0.0017607380306844096,0.33806170189140666,1.1832159566199232,0,0.4,0.25,0.25,0.22371730272225446,2.4999999999999996,0,100.79999999999973,0,0,0,0,43.1990066105543,0
four-quadrants,2,0.0017607380306844096,0.0014870368537999684,0.28551107592959396,1.400996436644856,0,0.4,0.25,0.25,0.29293990373607043,2.47406113741507,0,100.79958286982936,0,0,0,0,43.197635592455974,0
four-quadrants,3,0.0032477748844843782,0.0014137854144615557,0.2714467995766187,1.4735852499417508,0,0.4,0.25,0.25,0.3296118250770006,2.4489268067221293,0,100.79900682934426,0,0,0,0,43.19621860842753,0
four-quadrants,4,0.004661560298945934,0.0013783142843400312,0.264636342593286,1.5115081930177352,0,0.4,0.25,0.25,0.3521314978124552,2.421467157006674,0,100.79839945602274,0,0,0,0,43.19475447067108,0
four-quadrants,5,0.006039874583285965,0.001358521330864648,0.26083609552601245,1.5335300859850094,0,0.39999999999999997,0.25,0.25,0.3665271934698602,2.39802131935068,0,100.7977749370004,0,0,0,0,43.193257208433494,0
four-quadrants,6,0.007398395914150613,0.0013462663597785818,0.2584831410774877,1.5474897060311124,0,0.4,0.25,0.25,0.37606969505401255,2.3789226316595022,0,100.79713753323446,0,0,0,0,43.19173242685115,0
four-quadrants,7,0.008744662273929196,0.0013311098340578283,0.25557308813910307,1.5651100157395619,0,0.4,0.25,0.25,0.38267681624943684,2.3636366037378513,0,100.79648999719147,0,0,0,0,43.19019404158356,0
four-quadrants,8,0.010075772107987024,0.0013135247878981516,0.25219675927644514,1.5860632037763045,0,0.4,0.25,0.25,0.395280524801834,2.3513542307030244,0,100.79583796904467,0,0,0,0,43.1886523159555,0
four-quadrants,9,0.011389296895885175,0.001303395902104147,0.25025201320399626,1.5983887397298768,0,0.4000000000000001,0.25,0.25,0.4046470046499559,2.3412740477386325,0,100.79518555353555,0,0,0,0,43.18710310128322,0
four-quadrants,10,0.012692692797989322,0.0012977047790839445,0.24915931758411736,1.6053985212291253,0,0.4,0.25,0.25,0.4107860320092525,2.3328340784470787,0,100.79453073106885,0,0,0,0,43.18554460813914,0
four-quadrants,11,0.013990397577073268,0.001294131494844965,0.24847324701023327,1.6098312587492616,0,0.4,0.25,0.25,0.41484579358166956,2.325304464915761,0,100.79387248876742,0,0,0,0,43.18397680248734,0
four-quadrants,12,0.015284529071918233,0.001283839323847559,0.24649715017873133,1.6227368134275229,0,0.4,0.25,0.25,0.41754615514392285,2.316723128991445,0,100.79321069486598,0,0,0,0,43.182410414547526,0
four-quadrants,13,0.01656836839576579,0.0012773445473156736,0.24525015308460935,1.6309877688924548,0,0.39999999999999997,0.25,0.25,0.419417959814798,2.3091238149584763,0,100.79254979003798,0,0,0,0,43.180842197763965,0
four-quadrants,14,0.017845712943081467,0.0012738710864377567,0.2445832485960493,1.635434978871489,0,0.4,0.25,0.25,0.42108574999632786,2.300329846257069,0,100.79188833927257,0,0,0,0,43.17926949866742,0
four-quadrants,15,0.019119584029519222,0.0012722828682739035,0.2442783107085895,1.6374765276528291,0,0.4,0.25,0.25,0.424363282052967,2.292649643689426,0,100.7912251839543,0,0,0,0,43.1776908830314,0
four-quadrants,16,0.020391866897793126,0.001265270305562936,0.24293189866808373,1.646551985116279,0,0.4,0.25,0.25,0.4265594025139365,2.2859378629436273,0,100.79055968214243,0,0,0,0,43.176114247874935,0
four-quadrants,17,0.02165713720335606,0.0012608167618502275,0.2420768182752437,1.6523680493238975,0,0.4,0.25,0.25,0.42804714873845284,2.2800272612459858,0,100.7898951496411,0,0,0,0,43.174537011420625,0
four-quadrants,18,0.022917953965206288,0.0012584709165190363,0.24162641597165496,1.655448136295345,0,0.4,0.25,0.25,0.42907278750618016,2.2747856263405293,0,100.78923046455786,0,0,0,0,43.17295699630809,0
four-quadrants,19,0.024176424881725323,0.001257093591437615,0.24136196955602207,1.6572619155196144,0,0.4,0.25,0.25,0.42979510636144885,2.270110278064788,0,100.78856469895187,0,0,0,0,43.17137342356957,0
four-quadrants,20,0.025433518473162938,0.0012520359108924464,0.2403908948913497,1.663956532882784,0,0.39999999999999997,0.25,0.25,0.43031570273253394,2.2649692620827278,0,100.78789751574766,0,0,0,0,43.16979155665035,0
four-quadrants,21,0.026685554384055385,0.0012488891833582478,0.2397867232047836,1.6681490728675183,0,0.39999999999999997,0.25,0.25,0.4309365021757027,2.2600770581835152,0,100.7872311309746,0,0,0,0,43.16820929404238,0
four-quadrants,22,0.027934443567413633,0.0012472833489153572,0.23947840299174858,1.6702967574649406,0,0.39999999999999997,0.25,0.25,0.4318298672737976,2.2556658713748403,0,100.78656464135837,0,0,0,0,43.16662492806011,0
four-quadrants,23,0.02918172691632899,0.0012451764827958582,0.23907388469680477,1.6731229364816775,0,0.39999999999999997,0.25,0.25,0.4324537588059077,2.251679091333717,0,100.78589732603929,0,0,0,0,43.16503940860917,0
four-quadrants,24,0.03042690339912485,0.0012419491754154634,0.23845424167976897,1.6774706844476188,0,0.39999999999999997,0.25,0.25,0.43289268372903444,2.248068963044871,0,100.78522958188908,0,0,0,0,43.16345447361922,0
four-quadrants,25,0.031668852574540315,0.0012397602154698198,0.2380339613702054,1.6804324798758226,0,0.4,0.25,0.25,0.4332053508463336,2.244787581682646,0,100.78456214081116,0,0,0,0,43.161868999824,0
four-quadrants,26,0.03290861279001014,0.0012386633662767076,0.23782336632512788,1.681920520177823,0,0.4,0.25,0.25,0.4334314916995721,2.241793890157595,0,100.78389451953564,0,0,0,0,43.160281743408454,0
four-quadrants,27,0.03414727615628684,0.0012361142828705503,0.23733394231114566,1.6853889338575876,0,0.39999999999999997,0.25,0.25,0.43359773214694686,2.2387979395391056,0,100.78322619285261,0,0,0,0,43.15869481804828,0
four-quadrants,28,0.03538339043915739,0.0012337762200187185,0.23688503424359397,1.688582823635331,0,0.4,0.25,0.25,0.4337996334479262,2.235639306796053,0,100.78255805101496,0,0,0,0,43.15710811625258,0
four-quadrants,29,0.03661716665917611,0.001232547875932143,0.23664919217897148,1.6902656472940363,0,0.4,0.25,0.25,0.4340780210006225,2.2321278594416416,0,100.78189004702998,0,0,0,0,43.155520326361334,0
four-quadrants,30,0.03784971453510825,0.0012318248383174732,0.23651036895695488,1.6912577734500953,0,0.4,0.25,0.25,0.4342769757367792,2.228827871281571,0,100.7812216228375,0,0,0,0,43.15393091327653,0
four-quadrants,31,0.03908153937342572,0.0012290656456066592,0.23598060395647857,1.6950545650513344,0,0.4,0.25,0.25,0.4344195731633765,2.225805164014755,0,100.78055255210806,0,0,0,0,43.15234272030434,0
four-quadrants,32,0.04031060501903238,0.0012273639248104027,0.23565387356359732,1.697404731571491,0,0.4,0.25,0.25,0.43452251280714893,2.2230294529721313,0,100.77988403203602,0,0,0,0,43.15075445985402,0
four-quadrants,33,0.04153796894384278,0.0012265157351704604,0.2354910211527284,1.698578561687831,0,0.4,0.25,0.25,0.4345974157084231,2.2204746828157327,0,100.77921551876972,0,0,0,0,43.14916510680132,0
four-quadrants,34,0.04276448467901325,0.001225597116035786,0.23531464627887091,1.6998516935744017,0,0.4,0.25,0.25,0.43465237324139616,2.2181197239848323,0,100.77854657727923,0,0,0,0,43.14757485485461,0
four-quadrants,35,0.043990081795049034,0.0012234960288507505,0.2349112375393441,1.7027708175646812,0,0.39999999999999997,0.25,0.25,0.4347139115947757,2.215947613505434,0,100.77787728836944,0,0,0,0,43.1459853793672,0
four-quadrants,36,0.045213577823899787,0.0012222613392886745,0.2346741771434255,1.7044909025313533,0,0.4,0.25,0.25,0.43480541349766183,2.213939380746193,0,100.77720835704449,0,0,0,0,43.14439561080637,0
four-quadrants,37,0.04643583916318846,0.0012216912863176046,0.2345647269729801,1.7052862344732536,0,0.4,0.25,0.25,0.4348709944611502,2.212078637099427,0,100.77653933141718,0,0,0,0,43.142804742411265,0
four-quadrants,38,0.04765753044950607,0.0012206031196992549,0.23435579898225695,1.7068064956663775,0,0.39999999999999997,0.25,0.25,0.43491784673090417,2.210220295145496,0,100.77586986977977,0,0,0,0,43.141213543452075,0
four-quadrants,39,0.048878133569205326,0.0012190400131585693,0.23405568252644532,1.7089950377718561,0,0.39999999999999997,0.25,0.25,0.4349511533974207,2.2082032743273707,0,100.77520029540266,0,0,0,0,43.1396227218676,0
four-quadrants,40,0.050097173582363895,0.0012181553043351498,0.23388581843234876,1.710236228434259,0,0.4,0.25,0.25,0.4349746690972853,2.206330483709948,0,100.77453090585955,0,0,0,0,43.138031435124795,0
four-quadrants,41,0.05131532888669905,0.0012177928600371668,0.23381622912713604,1.7107452356632724,0,0.4,0.25,0.25,0.43499107716876695,2.204588920207981,0,100.77386134513223,0,0,0,0,43.13643904478765,0
four-quadrants,42,0.05253312174673622,0.0012165926316452707,0.23358578527589197,1.712432969872518,0,0.39999999999999997,0.25,0.25,0.43500871453776285,2.2029686993947935,0,100.77319134305091,0,0,0,0,43.13484673457914,0
four-quadrants,43,0.05374971437838149,0.0012154391367911704,0.23336431426390472,1.7140581295032624,0,0.4,0.25,0.25,0.43503766528545423,2.2014595104684367,0,100.77252139741978,0,0,0,0,43.13325449689252,0
four-quadrants,44,0.05496515351517266,0.0012148210348692976,0.23324563869490514,1.7149302436613463,0,0.4,0.25,0.25,0.4350576082199137,2.2000337481901426,0,100.7718515045519,0,0,0,0,43.13166166406366,0
four-quadrants,45,0.05617997455004196,0.0012145481442335261,0.23319324369283703,1.7153155626021543,0,0.4,0.25,0.25,0.43507095589921213,2.1984685011412193,0,100.77118138239803,0,0,0,0,43.130067820363756,0
four-quadrants,46,0.05739452269427548,0.0012133426349572882,0.23296178591179934,1.7170198040610931,0,0.4,0.25,0.25,0.43507945619321226,2.197007896336069,0,100.77051085494669,0,0,0,0,43.12847426768432,0
four-quadrants,47,0.05860786532923277,0.0012125052156935006,0.23280100141315213,1.7182056673807844,0,0.39999999999999997,0.25,0.25,0.43508440367447754,2.1956430455119733,0,100.76984046974606,0,0,0,0,43.12688055411307,0
four-quadrants,48,0.05982037054492627,0.0012120928236995304,0.23272182215030984,1.7187902548375928,0,0.4,0.25,0.25,0.4350867443954315,2.1941793661209115,0,100.76917003605308,0,0,0,0,43.12528614827522,0
four-quadrants,49,0.0610324633686258,0.0012115526064153646,0.23261810043175002,1.7195566435182017,0,0.4,0.25,0.25,0.43509094807692933,2.1927285711419735,0,100.76849932947624,0,0,0,0,43.12369126181546,0
four-quadrants,50,0.062244015975041166,0.0012106712965376048,0.23244888893522012,1.720808397201992,0,0.4,0.25,0.25,0.4350977230099438,2.1913717142671403,0,100.76782843837941,0,0,0,0,43.12209639214326,0
four-quadrants,51,0.06345468727157877,0.0012100980526832323,0.2323388261151806,1.7216235731590652,0,0.39999999999999997,0.25,0.25,0.4351012731999347,2.190101343200206,0,100.76715757166252,0,0,0,0,43.12050115889066,0
four-quadrants,52,0.064664785324262,0.0012098458605029336,0.23229040521656327,1.7219824453234815,0,0.4,0.25,0.25,0.43510245041030254,2.188910646670138,0,100.76648656874033,0,0,0,0,43.118905161956306,0
four-quadrants,53,0.06587463118476493,0.0012091281964897354,0.2321526137260292,1.7230045080261425,0,0.4,0.25,0.25,0.4351018846964676,2.1877941364978266,0,100.7658152606583,0,0,0,0,43.11730906228714,0
four-quadrants,54,0.06708375938125466,0.0012085004759271336,0.23203209137800965,1.7238994728033088,0,0.4,0.25,0.25,0.43510004622212356,2.186746204922682,0,100.76514392506284,0,0,0,0,43.11571276893111,0
four-quadrants,55,0.06829225985718179,0.001208110853308502,0.2319572838352324,1.7244554401841263,0,0.4,0.25,0.25,0.4350972851377335,2.1857615836738327,0,100.76447252325605,0,0,0,0,43.11411598899347,0
four-quadrants,56,0.0695003707104903,0.0012079027359341737,0.23191732529936135,1.7247525577646075,0,0.39999999999999997,0.25,0.25,0.4350970276806474,2.184835497647268,0,100.76380093153102,0,0,0,0,43.112518504467445,0
four-quadrants,57,0.07070827344642447,0.001207153286459162,0.23177343100015912,1.72582335375501,0,0.4,0.25,0.25,0.4350958401810523,2.1839640930177886,0,100.7631290576985,0,0,0,0,43.11092107449476,0
four-quadrants,58,0.07191542673288363,0.0012067058533756273,0.23168752384812044,1.7264632698229123,0,0.39999999999999997,0.25,0.25,0.435093524820669,2.18305551212265,0,100.76245722080833,0,0,0,0,43.10932331575747,0
four-quadrants,59,0.07312213258625926,0.0012064615256244698,0.2316406129198982,1.7268129062424853,0,0.4,0.25,0.25,0.43509039560125945,2.1821138268690756,0,100.76178525917508,0,0,0,0,43.10772497733759,0
four-quadrants,60,0.07432859411188372,0.0012060611157488179,0.23156373422377305,1.7273862046699313,0,0.4,0.25,0.25,0.4350866890876482,2.181227332230879,0,100.76111306683434,0,0,0,0,43.10612629377443,0
four-quadrants,61,0.07553465522763254,0.001205535518077134,0.2314628194708097,1.7281393223953398,0,0.39999999999999997,0.25,0.25,0.4350825839384128,2.1803922684955075,0,100.76044074212209,0,0,0,0,43.104527457122465,0
four-quadrants,62,0.07674019074570967,0.0012052086140888242,0.23140005390505425,1.7286080674990854,0,0.4,0.25,0.25,0.43507932393005927,2.17960492515431,0,100.75976836548507,0,0,0,0,43.102928219397384,0
four-quadrants,63,0.0779453993597985,0.001205086076813129,0.23137652674812076,1.7287838382821121,0,0.39999999999999997,0.25,0.25,0.435075983776769,2.1788618801568425,0,100.75909583225338,0,0,0,0,43.10132832376594,0
four-quadrants,64,0.07915048543661163,0.0012045509939509153,0.23127379083857574,1.7295517946484114,0,0.39999999999999997,0.25,0.25,0.4350721513382743,2.178160340230754,0,100.75842303403456,0,0,0,0,43.09972834943771,0
four-quadrants,65,0.08035503643056255,0.0012041661264235407,0.23119989627331983,1.7301045824308163,0,0.4,0.25,0.25,0.4350679845821703,2.177438932044184,0,100.75775021425916,0,0,0,0,43.09812811170551,0
four-quadrants,66,0.0815592025569861,0.0012039593536449687,0.231160195899834,1.73040171748828,0,0.4,0.25,0.25,0.43506360258151294,2.1767093848554024,0,100.75707729487475,0,0,0,0,43.096527386944636,0
four-quadrants,67,0.08276316191063106,0.001203722502312783,0.23111472044405432,1.7307422012386595,0,0.39999999999999997,0.25,0.25,0.4350590960807271,2.176019400428879,0,100.75640418151161,0,0,0,0,43.09492623335083,0
four-quadrants,68,0.08396688441294384,0.0012032889034930211,0.23103146947066006,1.7313658650766544,0,0.4,0.25,0.25,0.43505494542135226,2.1753269783229148,0,100.75573089838646,0,0,0,0,43.093324934984444,0
four-quadrants,69,0.08517017331643686,0.0012030064492360975,0.23097723825333072,1.731772373004516,0,0.4,0.25,0.25,0.43505079653791934,2.1745974479030186,0,100.75505756475626,0,0,0,0,43.09172330284845,0
four-quadrants,70,0.08637317976567296,0.001202912843016216,0.2309592658591135,1.7319071331132578,0,0.39999999999999997,0.25,0.25,0.43504647879284136,2.1739075493922786,0,100.75438410082268,0,0,0,0,43.09012109582033,0
four-quadrants,71,0.08757609260868918,0.00120253773398403,0.2308872449249338,1.7324473689746192,0,0.4,0.25,0.25,0.43504207274776246,2.173254902364281,0,100.75371040489391,0,0,0,0,43.088518711523285,0
four-quadrants,72,0.0887786303426732,0.001202190977973945,0.23082066777099744,1.7329470703934073,0,0.39999999999999997,0.25,0.25,0.4350376385483771,2.17263710595314,0,100.75303664403764,0,0,0,0,43.08691612607108,0
four-quadrants,73,0.08998082132064715,0.0012020355445624218,0.23079082455598499,1.7331711551772218,0,0.4,0.25,0.25,0.4350332209960596,2.172051846014433,0,100.75236280796064,0,0,0,0,43.08531309333066,0
four-quadrants,74,0.09118285686520958,0.0012018664946337875,0.2307583669696872,1.733414936380377,0,0.4000000000000001,0.25,0.25,0.43502885442084854,2.1714970743375477,0,100.75168879287045,0,0,0,0,43.083709645263255,0
four-quadrants,75,0.09238472335984337,0.0012014853849670031,0.2306851939136646,1.7339647734379628,0,0.39999999999999997,0.25,0.25,0.43502456526498134,2.170970968115556,0,100.7510146120076,0,0,0,0,43.082106083524884,0
four-quadrants,76,0.09358620874481037,0.0012012728172220554,0.23064438090663464,1.7342716021420044,0,0.39999999999999997,0.25,0.25,0.43502037196191734,2.170471657311864,0,100.75034039207675,0,0,0,0,43.080502191489515,0
four-quadrants,77,0.09478748156203243,0.0012012199391204553,0.23063422831112743,1.734347945355261,0,0.4,0.25,0.25,0.43501648818780453,2.1699974124723034,0,100.74966604172266,0,0,0,0,43.07889776393363,0
four-quadrants,78,0.09598870150115288,0.0012008687837918584,0.23056680648803682,1.7348550994514227,0,0.4,0.25,0.25,0.43501286172608195,2.1695468021534303,0,100.74899147440581,0,0,0,0,43.07729321879449,0
four-quadrants,79,0.09718957028494474,0.0012006023799426247,0.23051565694898396,1.735240049609841,0,0.4,0.25,0.25,0.4350095117898705,2.1690677072782436,0,100.7483168657759,0,0,0,0,43.07568845223407,0
four-quadrants,80,0.09839017266488737,0.001200502560852621,0.23049649168370326,1.7353843309203008,0,0.4,0.25,0.25,0.43500657180275437,2.1685873888882536,0,100.74764217194947,0,0,0,0,43.07408324842696,0
four-quadrants,81,0.09959067522573999,0.0012003254173345388,0.23046248012823145,1.7356404382068453,0,0.4,0.25,0.25,0.43500375965009913,2.168131174774481,0,100.74696730194258,0,0,0,0,43.0724777234235,0
four-quadrants,82,0.10079100064307453,0.001200007390091537,0.23040141889757512,1.7361004194935963,0,0.39999999999999997,0.25,0.25,0.43500107222021933,2.167697646348873,0,100.7462923044065,0,0,0,0,43.070872079700194,0
four-quadrants,83,0.10199100803316606,0.0011998628236049073,0.2303736621321422,1.736309595020286,0,0.4,0.25,0.25,0.4349985054645676,2.1672853626620636,0,100.74561726435006,0,0,0,0,43.06926609098549,0
four-quadrants,84,0.10319087085677096,0.0011998208866339183,0.23036561023371233,1.736370283716345,0,0.4,0.25,0.25,0.4349960554000283,2.1668930081432967,0,100.7449420864077,0,0,0,0,43.067659627084836,0
four-quadrants,85,0.10439069174340489,0.001199475098097783,0.23029921883477433,1.7368708501220564,0,0.4,0.25,0.25,0.4350805901104113,2.1665194843066167,0,100.74426671564956,0,0,0,0,43.066053111871206,0
four-quadrants,86,0.10559016684150267,0.001199287101193839,0.2302631234292171,1.7371431171564042,0,0.4,0.25,0.25,0.4351325085869063,2.166163615071859,0,100.74359133023903,0,0,0,0,43.06444633947192,0
four-quadrants,87,0.10678945394269651,0.0011992417793230264,0.23025442163002108,1.7372087674508618,0,0.39999999999999997,0.25,0.25,0.43524340473874606,2.165824311555947,0,100.74291584340489,0,0,0,0,43.062839124182894,0
four-quadrants,88,0.10798869572201954,0.0011989959118639689,0.23020721507788203,1.7375650014473913,0,0.4,0.25,0.25,0.4353460015513098,2.165464143673975,0,100.74224017687632,0,0,0,0,43.06123174833641,0
four-quadrants,89,0.1091876916338835,0.001198765132516479,0.23016290544316398,1.7378995074372456,0,0.4,0.25,0.25,0.43544014961823985,2.1651073412766584,0,100.74156444928167,0,0,0,0,43.059624199889775,0
four-quadrants,90,0.11038645676639998,0.0011986833838207379,0.23014720969358168,1.7380180299928927,0,0.4,0.25,0.25,0.43552635229986536,2.1647238321944013,0,100.74088865540628,0,0,0,0,43.0580162836628,0
four-quadrants,91,0.11158514015022071,0.0011985625701676562,0.23012401347219,1.7381932201019046,0,0.4,0.25,0.25,0.43567495888584135,2.1643512368628754,0,100.74021271300226,0,0,0,0,43.05640806095109,0
four-quadrants,92,0.11278370272038836,0.0011982891864939077,0.2300715238068303,1.7385897801756767,0,0.4,0.25,0.25,0.4357307509265917,2.163996081232492,0,100.73953664772304,0,0,0,0,43.05479974791808,0
four-quadrants,93,0.11398199190688227,0.0011981710875512803,0.23004884880984583,1.738761146032218,0,0.4,0.25,0.25,0.4358344791575815,2.1636573336784584,0,100.73886055036623,0,0,0,0,43.053191140118635,0
four-quadrants,94,0.11518016299443355,0.0011981378744456012,0.23004247189355542,1.7388093455415783,0,0.4,0.25,0.25,0.4359835017698823,2.163334051025197,0,100.73818433479539,0,0,0,0,43.051582128926015,0
four-quadrants,95,0.11637830086887915,0.0011978534515494515,0.2299878626974947,1.73922221507021,0,0.4,0.25,0.25,0.43604820857279736,2.1630254379581393,0,100.73750795519304,0,0,0,0,43.0499730647417,0
four-quadrants,96,0.1175761543204286,0.0011976986977369575,0.22995814996549585,1.7394469387582834,0,0.4,0.25,0.25,0.43615811346232825,2.162730646457221,0,100.73683155883438,0,0,0,0,43.04836377745387,0
four-quadrants,97,0.11877385301816556,0.0011976731137603033,0.22995323784197824,1.739484095783319,0,0.4,0.25,0.25,0.4362652123465876,2.162448884802676,0,100.73615507403399,0,0,0,0,43.04675409731409,0
four-quadrants,98,0.11997152613192587,0.001197453574548003,0.22991108631321658,1.7398030099995478,0,0.4000000000000001,0.25,0.25,0.4363788082134059,2.1621794864112918,0,100.73547842927142,0,0,0,0,43.04514429607298,0
four-quadrants,99,0.12116897970647388,0.0011972615976033817,0.2298742267398493,1.740081981668539,0,0.4,0.25,0.25,0.4364508756081787,2.1619217727058944,0,100.73480173874387,0,0,0,0,43.04353434259055,0
four-quadrants,100,0.12236624130407726,0.001197204544871849,0.229863272615395,1.740164905201172,0,0.4,0.25,0.25,0.4366114901528037,2.1616750851711513,0,100.73412498923365,0,0,0,0,43.041924058695486,0
four-quadrants,101,0.12356344584894911,0.0011970862770933617,0.22984056520192545,1.7403368271766202,0,0.4,0.25,0.25,0.4366785718139986,2.1614177072193064,0,100.73344810568376,0,0,0,0,43.04031353423124,0
four-quadrants,102,0.12476053212604248,0.0011968563466117118,0.22979641854944868,1.7406711667872496,0,0.4,0.25,0.25,0.4367261960914331,2.1611588511339908,0,100.73277112578039,0,0,0,0,43.038702927974995,0
four-quadrants,103,0.1259573884726542,0.0011967669468019978,0.2297792537859836,1.7408011968415564,0,0.39999999999999997,0.25,0.25,0.4369270046866687,2.1609112199194374,0,100.73209411620138,0,0,0,0,43.03709205357996,0
four-quadrants,104,0.12715415541945618,0.0011966888773743704,0.22976426445587914,1.7409147629953163,0,0.4,0.25,0.25,0.4369948340758369,2.1606742031950343,0,100.73141699845604,0,0,0,0,43.0354809012396,0
four-quadrants,105,0.12835084429683055,0.00119648039119697,0.22972423510981824,1.7412181166204883,0,0.39999999999999997,0.25,0.25,0.4370567522820086,2.160447254642656,0,100.73073976832022,0,0,0,0,43.033869655020624,0
four-quadrants,106,0.12954732468802752,0.0011963576417544461,0.22970066721685367,1.7413967701816544,0,0.4,0.25,0.25,0.4372130305630995,2.160229818722672,0,100.7300625031161,0,0,0,0,43.03225820307996,0
four-quadrants,107,0.13074368232978195,0.0011963114636683722,0.22969180102432746,1.7414639887717829,0,0.39999999999999997,0.25,0.25,0.43733023228706336,2.1600213766601164,0,100.72938515569797,0,0,0,0,43.03064644591515,0
four-quadrants,108,0.1319399937934503,0.0011961318218789434,0.22965730980075713,1.7417255316063154,0,0.39999999999999997,0.25,0.25,0.43735841745124937,2.1598214774817945,0,100.72870768411889,0,0,0,0,43.02903457144187,0
four-quadrants,109,0.13313612561532925,0.0011959746659271654,0.22962713585801578,1.7419544014490085,0,0.4,0.25,0.25,0.43750968851982225,2.1596296697442203,0,100.72803016732587,0,0,0,0,43.0274225540033,0
four-quadrants,110,0.13433210028125642,0.0011959408720579373,0.22962064743512398,1.7420036240992407,0,0.39999999999999997,0.25,0.25,0.43763637609672085,2.1594455137441972,0,100.72735259443074,0,0,0,0,43.02581022963513,0
four-quadrants,111,0.13552804115331435,0.0011957757847546075,0.22958895067288465,1.7422441229321826,0,0.4,0.25,0.25,0.437671552303396,2.159268635704756,0,100.72667489637767,0,0,0,0,43.02419778300554,0
four-quadrants,112,0.13672381693806895,0.0011956165893999041,0.2295583851647816,1.7424761012884455,0,0.39999999999999997,0.25,0.25,0.43783224635515766,2.159081358847385,0,100.72599715075197,0,0,0,0,43.022585210837505,0
four-quadrants,113,0.13791943352746885,0.0011955523007693028,0.22954604174770615,1.7425697997425704,0,0.4,0.25,0.25,0.43791445453569394,2.1588750519100004,0,100.72531935608404,0,0,0,0,43.02097238777018,0
four-quadrants,114,0.13911498582823817,0.0011954094858084392,0.22951862127522032,1.742777983666746,0,0.4,0.25,0.25,0.43799550474061844,2.158673149909153,0,100.72464145955956,0,0,0,0,43.01935942594003,0
four-quadrants,115,0.1403103953140466,0.0011952823757886847,0.22949421615142745,1.7429633160605122,0,0.39999999999999997,0.25,0.25,0.43812724499389893,2.1584793780623004,0,100.72396350825942,0,0,0,0,43.017746308298854,0
four-quadrants,116,0.1415056776898353,0.0011951863593711559,0.22947578099926194,1.7431033386537924,0,0.39999999999999997,0.25,0.25,0.4382261288992685,2.1582933267031725,0,100.72328549492785,0,0,0,0,43.0161329965955,0
four-quadrants,117,0.14270086404920646,0.0011950624752660281,0.2294519952510774,1.7432840344765832,0,0.4,0.25,0.25,0.43829168747947483,2.158114618814291,0,100.72260740339424,0,0,0,0,43.01451953329472,0
four-quadrants,118,0.14389592652447247,0.0011949600863885694,0.22943233658660533,1.7434334059053151,0,0.39999999999999997,0.25,0.25,0.43839569157975977,2.1579428911720338,0,100.72192925143828,0,0,0,0,43.01290589311278,0
four-quadrants,119,0.14509088661086103,0.0011948423214738948,0.22940972572298782,1.7436052405336986,0,0.39999999999999997,0.25,0.25,0.4385399269579616,2.1577778064661834,0,100.72125102834589,0,0,0,0,43.011292101223304,0
four-quadrants,120,0.14628572893233494,0.0011947346816777167,0.2293890588821216,1.7437623309032881,0,0.39999999999999997,0.25,0.25,0.43856120169126683,2.1576190426992325,0,100.72057274462674,0,0,0,0,43.00967814775479,0
four-quadrants,121,0.14748046361401265,0.001194603198247293,0.22936381406348025,1.743954257271347,0,0.4,0.25,0.25,0.4386541097788385,2.157466300357036,0,100.71989439605147,0,0,0,0,43.00806406933866,0
four-quadrants,122,0.14867506681225995,0.0011945196841578812,0.2293477793583132,1.7440761847319852,0,0.4,0.25,0.25,0.43882747232990116,2.1573192873829456,0,100.71921599795026,0,0,0,0,43.006449804034354,0
four-quadrants,123,0.14986958649641782,0.00119442612637546,0.22932981626408833,1.7442127958598013,0,0.4,0.25,0.25,0.4388830834766152,2.1571777353306363,0,100.71853752419679,0,0,0,0,43.00483536937691,0
four-quadrants,124,0.1510640126227933,0.0011942641765711633,0.22929872190166337,1.7444493221882995,0,0.4,0.25,0.25,0.43896018983535484,2.157041397075596,0,100.71785898209367,0,0,0,0,43.00322086289462,0
four-quadrants,125,0.15225827679936446,0.0011942180897126437,0.2292898732248276,1.7445166433834804,0,0.4,0.25,0.25,0.43908968990546887,2.156897157846424,0,100.717180412586,0,0,0,0,43.001606129251975,0
four-quadrants,126,0.1534524948890771,0.0011941368604890896,0.22927427721390523,1.7446353112992845,0,0.4,0.25,0.25,0.439187788181474,2.156756044424864,0,100.71650175027084,0,0,0,0,42.99999122019387,0
four-quadrants,127,0.1546466317495662,0.001193943166838102,0.2292370880329156,1.7449183438526537,0,0.4,0.25,0.25,0.4392414917993449,2.156620171388997,0,100.71582301684347,0,0,0,0,42.99837629355333,0
four-quadrants,128,0.1558405749164043,0.00119387709402335,0.2292244020524832,1.7450149129777903,0,0.4,0.25,0.25,0.4393532742757152,2.156489275332165,0,100.71514427861352,0,0,0,0,42.99676117761505,0
four-quadrants,129,0.15703445201042765,0.001193829490330857,0.22921526214352456,1.7450844950696935,0,0.39999999999999997,0.25,0.25,0.43946748830542126,2.156363120313547,0,100.71446546329129,0,0,0,0,42.99514585035156,0
four-quadrants,130,0.15822828150075852,0.0011936403512938921,0.2291789474484273,1.7453610135373059,0,0.4,0.25,0.25,0.4394987512614465,2.1562414999420247,0,100.71378656154805,0,0,0,0,42.99353050934522,0
four-quadrants,131,0.1594219218520524,0.0011935454786266954,0.22916073189632552,1.7454997489751594,0,0.39999999999999997,0.25,0.25,0.43965242369492935,2.1561241944986826,0,100.7131076564144,0,0,0,0,42.991915028431904,0
four-quadrants,132,0.16061546733067908,0.0011935361740922498,0.22915894542571197,1.7455133564911205,0,0.4,0.25,0.25,0.43972302101144006,2.1560109978724546,0,100.71242869476076,0,0,0,0,42.990299293263085,0
four-quadrants,133,0.16180900350477134,0.0011933558997104013,0.22912433274439706,1.7457770425728887,0,0.39999999999999997,0.25,0.25,0.4397829538333728,2.1559017394453455,0,100.71174962843419,0,0,0,0,42.98868354170623,0
four-quadrants,134,0.16300235940448174,0.001193230975011685,0.22910034720224354,1.7459598157958744,0,0.4,0.25,0.25,0.43992785653433786,2.155796236261387,0,100.71107055741122,0,0,0,0,42.98706770083102,0
four-quadrants,135,0.1641955903794934,0.0011932187855024012,0.22909800681646103,1.7459776519158237,0,0.39999999999999997,0.25,0.25,0.4399891292969167,2.155694310614144,0,100.71039145095295,0,0,0,0,42.985451618780914,0
four-quadrants,136,0.16538880916499582,0.001193089969549555,0.22907327415351458,1.7461661622382803,0,0.4,0.25,0.25,0.44005466254406994,2.1555919568653237,0,100.70971224513382,0,0,0,0,42.98383545867166,0
four-quadrants,137,0.16658189913454538,0.0011929338392638025,0.2290432971386501,1.7463946991553403,0,0.4000000000000001,0.25,0.25,0.44018025568326596,2.155482824385591,0,100.70903300849513,0,0,0,0,42.98221926093646,0
four-quadrants,138,0.16777483297380918,0.001192894258390685,0.22903569761101153,1.7464526454707943,0,0.39999999999999997,0.25,0.25,0.4402810006923073,2.1553722268606617,0,100.70835375797837,0,0,0,0,42.980602868292266,0
four-quadrants,139,0.16896772723219988,0.0011928235073327656,0.229022113407891,1.7465562344523275,0,0.4,0.25,0.25,0.44030330231520043,2.155260699055572,0,100.70767442737629,0,0,0,0,42.97898632632683,0
four-quadrants,140,0.17016055073953265,0.0011926543021618394,0.22898962601507317,1.7468040232253583,0,0.39999999999999997,0.25,0.25,0.44041032851876627,2.155153020850993,0,100.7069950358053,0,0,0,0,42.977369773073974,0
four-quadrants,141,0.1713532050416945,0.0011925861256547668,0.22897653612571522,1.746903882677252,0,0.39999999999999997,0.25,0.25,0.4405501749641397,2.1550490171278027,0,100.70631564125718,0,0,0,0,42.97575307239902,0
four-quadrants,142,0.17254579116734925,0.0011925201348103112,0.22896386588357975,1.7470005516214782,0,0.39999999999999997,0.25,0.25,0.44056989494540105,2.1549485308188667,0,100.7056361864202,0,0,0,0,42.97413622392409,0
four-quadrants,143,0.17373831130215955,0.0011923925633105124,0.22893937215561838,1.747187459429676,0,0.39999999999999997,0.25,0.25,0.4406633988275274,2.154851418019277,0,100.70495667108074,0,0,0,0,42.972519314887556,0
four-quadrants,144,0.17493070386547008,0.0011922946812582048,0.22892057880157532,1.7473308956933644,0,0.4,0.25,0.25,0.44079727465415713,2.154757534360076,0,100.70427713187141,0,0,0,0,42.97090230704007,0
four-quadrants,145,0.17612299854672828,0.0011922330896832279,0.22890875321917975,1.747421163999791,0,0.39999999999999997,0.25,0.25,0.4408543419351997,2.1546667423359374,0,100.7035975526494,0,0,0,0,42.96928515299313,0
four-quadrants,146,0.1773152316364115,0.0011921408706473435,0.22889104716428996,1.7475563371986937,0,0.4,0.25,0.25,0.4409316814021827,2.154578916414506,0,100.7029179134319,0,0,0,0,42.967667897312595,0
four-quadrants,147,0.17850737250705884,0.0011920201768896583,0.2288678739628144,1.7477332797917742,0,0.4,0.25,0.25,0.44102295108835826,2.1544939368569214,0,100.7022382329081,0,0,0,0,42.96605058158295,0
four-quadrants,148,0.1796993926839485,0.0011919626786664498,0.22885683430395837,1.7478175874299486,0,0.4,0.25,0.25,0.4411170636359208,2.1544116831861313,0,100.70155852851201,0,0,0,0,42.96443312128769,0
four-quadrants,149,0.18089135536261494,0.0011918424496376266,0.22883375033042433,1.7479939013472456,0,0.39999999999999997,0.25,0.25,0.4411788204998357,2.154332049559389,0,100.70087876464785,0,0,0,0,42.96281560503915,0
four-quadrants,150,0.18208319781225257,0.0011917628264669718,0.2288184626816586,1.748110687014343,0,0.4,0.25,0.25,0.4412734044742437,2.1542549280966803,0,100.70019897852944,0,0,0,0,42.96119797930261,0
four-quadrants,151,0.18327496063871954,0.0011917091597747546,0.2288081586767529,1.748189410348331,0,0.4,0.25,0.25,0.44135862851078617,2.154175283787497,0,100.69951914759059,0,0,0,0,42.95958021063343,0
four-quadrants,152,0.1844666697984943,0.0011915599013147399,0.22877950105243006,1.7484083939335582,0,0.4,0.25,0.25,0.44140536089716836,2.154096120124665,0,100.69883925771695,0,0,0,0,42.9579624327632,0
four-quadrants,153,0.18565822969980905,0.001191522793110284,0.22877237627717453,1.7484628455114293,0,0.39999999999999997,0.25,0.25,0.4415364372730857,2.1540194432917668,0,100.69815936509787,0,0,0,0,42.95634449360813,0
four-quadrants,154,0.18684975249291932,0.0011914436862882005,0.2287571877673345,1.7485789360500181,0,0.39999999999999997,0.25,0.25,0.4415796249483258,2.1539451550465123,0,100.6974794057249,0,0,0,0,42.954726453095994,0
four-quadrants,155,0.18804119617920753,0.0011912935124095405,0.22872835438263178,1.7487993610571508,0,0.4,0.25,0.25,0.4416358909402896,2.153873163482539,0,100.6967994047534,0,0,0,0,42.953108411149564,0
four-quadrants,156,0.18923248969161707,0.001191231725844973,0.22871649136223482,1.7488900674262755,0,0.4,0.25,0.25,0.4417791453375856,2.1538033713613083,0,100.69611940415444,0,0,0,0,42.95149024824963,0
four-quadrants,157,0.19042372141746206,0.0011911908818941278,0.22870864932367255,1.7489500339530792,0,0.4,0.25,0.25,0.44182640303120974,2.153735690344101,0,100.6954393536161,0,0,0,0,42.949871937619974,0
four-quadrants,158,0.19161491229935618,0.0011910435204447228,0.2286803559253868,1.7491664221937406,0,0.4,0.25,0.25,0.4418718031260204,2.1536700434526757,0,100.69475924183251,0,0,0,0,42.948253627886935,0
four-quadrants,159,0.1928059558198009,0.0011909539759885886,0.22866316338980902,1.749297937062595,0,0.4,0.25,0.25,0.4420020254654225,2.1536063480096415,0,100.69407913125944,0,0,0,0,42.94663524148822,0
four-quadrants,160,0.19399690979578949,0.0011909548137146277,0.22866332423320854,1.749296706594054,0,0.4,0.25,0.25,0.4420839605157546,2.15354295627909,7.616013266369703e-17,100.69339898923029,-1.5122278639452973e-17,2.8540015476011503e-16,0,0,42.9450166559642,0
four-quadrants,161,0.1951878646095041,0.0011908101005332346,0.22863553930238104,1.7495092898527098,0,0.39999999999999997,0.25,0.25,0.44208796249996357,2.153474593786045,5.077345213304576e-16,100.69271876420268,-9.841688423578504e-17,1.8938592300408667e-15,2.4117392307848385e-16,-1.0850836769925723e-16,42.94339807360522,9.909100032367099e-16
four-quadrants,162,0.19637867471003734,0.001190691919302226,0.2286128485060274,1.7496829360815824,0,0.4,0.25,0.25,0.44220559502484685,2.1534083028734416,1.3707784172661748e-15,100.69203854120272,-2.6121935329471204e-16,5.097528153507457e-15,6.092367610510692e-16,-2.8068185389480342e-16,42.941779459816225,2.5104918060461916e-15
four-quadrants,163,0.19756936662933958,0.0011906781805057917,0.228610210657112,1.749703125027745,0,0.39999999999999997,0.25,0.25000000000000006,0.44232197928755906,2.1533440011825804,3.617007963274504e-15,100.69135830563361,-5.063778238081403e-16,1.3211949717031902e-14,1.154930944544618e-15,-5.493661265260897e-16,42.940160672674956,4.769605534569324e-15
four-quadrants,164,0.19876004480984538,0.0011905933880876213,0.22859393051282328,1.7498277364698511,0,0.4,0.25,0.2500000000000001,0.4423302532423212,2.153281619592303,7.830226067570996e-15,100.69067799776865,-9.082631147085559e-16,2.83187676840567e-14,1.7386900794772647e-15,-8.660312885444356e-16,42.93854181184768,7.234847600967646e-15
four-quadrants,165,0.19995063819793302,0.00004936180206699392,0.009477465996862833,1.7500447223487794,0,0.016585989349049812,0.25,0.2500000000000001,0.4422621914218594,2.1532791351484315,1.270299877051307e-14,100.68999765947903,-1.4634501962906229e-15,4.5753067371186954e-14,3.1599154511687017e-15,-1.5316128887397203e-15,42.938475500841065,1.3095593528928587e-14
circular-blast,1,0,0.0012450298013899934,0.23904572186687872,1.6733200530681511,0,0.4,1,1,0.11952286093343936,2.5,0,0,0,0,0,0,0,0
circular-blast,2,0.0012450298013899934,0.001221385431709804,0.23450600288828236,1.7057132656453076,0,0.4,0.9774992742319949,1,0.1921542056105832,2.5,0,0,0,0,0,0,0,0
circular-blast,3,0.0024664152330997973,0.001197658600594405,0.22995045131412578,1.7395051747629604,0,0.39999999999999997,0.9562570160479509,1,0.2376623838736783,2.5,0,0,0,0,0,0,0,0
circular-blast,4,0.0036640738336942025,0.0011814141674721034,0.22683152015464386,1.763423353717761,0,0.39999999999999997,0.9406555583502062,1,0.26790053908918204,2.5,0,0,0,0,0,0,0,0
circular-blast,5,0.004845488001166306,0.0011705964755301806,0.22475452330179468,1.7797194651468264,0,0.39999999999999997,0.9257907426585001,1,0.28874799858188294,2.5,0,0,0,0,0,0,0,0
circular-blast,6,0.006016084476696487,0.0011630515781669746,0.22330590300805914,1.7912647834731175,0,0.4,0.9147435999617711,1,0.30334169532600963,2.5,0,0,0,0,0,0,0,0
circular-blast,7,0.007179136054863461,0.0011525165295543961,0.22128317367444406,1.8076385716904415,0,0.3994847829663672,0.9064591838583502,1,0.313549849650998,2.5,0,0,0,0,0,0,0,0
circular-blast,8,0.008331652584417856,0.0011444202890456292,0.2197286954967608,1.8204267726419772,0,0.3996795030644177,0.8990821626523833,1,0.32070807115504685,2.5,0,0,0,0,0,0,0,0
circular-blast,9,0.009476072873463486,0.0011377486503176615,0.21844774086099103,1.831101564261722,0,0.39966711346792805,0.8918292788328228,1,0.3257469444684435,2.5,0,0,0,0,0,0,0,0
circular-blast,10,0.010613821523781148,0.0011326253919116086,0.21746407524702885,1.8393842732213082,0,0.3996654092478288,0.8829381179966095,1,0.32933486172492105,2.5,0,0,0,0,0,0,0,0
circular-blast,11,0.011746446915692757,0.001128610450623396,0.21669320651969204,1.8459277354578716,0,0.39974901738835117,0.8755887643524544,1,0.3319446814862219,2.5,0,0,0,0,0,0,0,0
circular-blast,12,0.012875057366316153,0.001125165789690137,0.21603183162050632,1.8515789872238018,0,0.3997483501523703,0.8694391965625444,1,0.33390384274259105,2.5,0,0,0,0,0,0,0,0
circular-blast,13,0.01400022315600629,0.0011212040892267367,0.21527118513153345,1.858121419063099,0,0.39969883118133964,0.863764308887886,1,0.3354322399876071,2.5,0,0,0,0,0,0,0,0
circular-blast,14,0.015121427245233026,0.001116671390380726,0.2144009069530994,1.865663749675745,0,0.39974025117424034,0.8585458400321215,1,0.3366747221667432,2.5,0,0,0,0,0,0,0,0
circular-blast,15,0.016238098635613752,0.001112820910498705,0.21366161481575136,1.872119146646605,0,0.3997357252603889,0.85294370039737,1,0.3378061777877907,2.5,0,0,0,0,0,0,0,0
circular-blast,16,0.017350919546112457,0.0011096286818980635,0.2130487069244282,1.8775049413554359,0,0.3997613403314977,0.8480532204962594,1,0.33876552654373093,2.5,0,0,0,0,0,0,0,0
circular-blast,17,0.01846054822801052,0.0011066579964311974,0.2124783353147899,1.8825448693740654,0,0.3997516457478036,0.8437323252970316,1,0.33977725364238587,2.5,0,0,0,0,0,0,0,0
circular-blast,18,0.01956720622444172,0.001104078661639487,0.21198310303478152,1.8869428472059364,0,0.39975665984911307,0.8391898567182401,1,0.34133299428403935,2.5,0,0,0,0,0,0,0,0
circular-blast,19,0.020671284886081207,0.0011018049017555514,0.21154654113706586,1.8908368714042496,0,0.39974826250838436,0.8347974339368289,1,0.3428447408028688,2.5,0,0,0,0,0,0,0,0
circular-blast,20,0.021773089787836757,0.0010998823997087556,0.21117742074408108,1.8941418954289944,0,0.3997414257607266,0.8300261570610606,1,0.3441565144940872,2.5,0,0,0,0,0,0,0,0
circular-blast,21,0.022872972187545512,0.0010971576338721309,0.21065426570344914,1.8988459534121396,0,0.3997644606232604,0.8255626148911784,1,0.3452829945329809,2.5,0,0,0,0,0,0,0,0
circular-blast,22,0.023970129821417642,0.001094462129747331,0.21013672891148755,1.9035225401670997,0,0.3997557271157654,0.8215041825644596,1,0.3462383239908285,2.5,0,0,0,0,0,0,0,0
circular-blast,23,0.025064591951164974,0.0010921590239859646,0.2096945326053052,1.9075366201983663,0,0.39974797949046953,0.8177843668790095,1,0.3479344618079925,2.5,0,0,0,0,0,0,0,0
circular-blast,24,0.02615675097515094,0.0010902000921685108,0.2093184176963541,1.910964187490928,0,0.3997410095943741,0.8143265609878283,1,0.34937773009310286,2.5,0,0,0,0,0,0,0,0
circular-blast,25,0.02724695106731945,0.00108854391453057,0.20900043158986945,1.913871645896585,0,0.39973465413454323,0.8111131967308721,1,0.3505858248482184,2.5,0,0,0,0,0,0,0,0
circular-blast,26,0.02833549498185002,0.0010871550254286369,0.20873376488229828,1.9163167024058314,0,0.39972879606338685,0.807884238070024,1,0.35158366926329676,2.5,0,0,0,0,0,0,0,0
circular-blast,27,0.02942265000727866,0.0010860030246104325,0.20851258072520304,1.9183494761266064,0,0.39972335778268486,0.8043099718149407,1,0.352393092680584,2.5,0,0,0,0,0,0,0,0
circular-blast,28,0.030508653031889092,0.0010842643501760877,0.20817875523380885,1.9214256495613766,0,0.39973261687150186,0.800769332131637,1,0.3538389480619082,2.5,0,0,0,0,0,0,0,0
circular-blast,29,0.03159291738206518,0.0010825966384002703,0.2078585545728519,1.9243855554658198,0,0.39972575789828574,0.7973303518209012,1,0.3551213265070207,2.5,0,0,0,0,0,0,0,0
circular-blast,30,0.03267551402046545,0.00108118397423976,0.2075873230540339,1.9268999383737997,0,0.3997194072919336,0.7940499544390065,1,0.35618183591342967,2.5,0,0,0,0,0,0,0,0
circular-blast,31,0.03375669799470521,0.0010800009756278155,0.2073601873205406,1.9290106030897523,0,0.3997135600471739,0.7908910517027952,1,0.35704279068724865,2.5,0,0,0,0,0,0,0,0
circular-blast,32,0.03483669897033302,0.0010790251970639602,0.20717283783628035,1.930755036121591,0,0.3997082142534192,0.7878672067600851,1,0.3580348713711845,2.5,0,0,0,0,0,0,0,0
circular-blast,33,0.03591572416739698,0.0010782368642282432,0.2070214779318227,1.9321666717678923,0,0.3997033713885724,0.7848301541120662,1,0.3594131401812578,2.5,0,0,0,0,0,0,0,0
circular-blast,34,0.03699396103162522,0.0010773071232477861,0.20684296766357493,1.9338341763235107,0,0.3997048031424679,0.7817955440723854,1,0.3605594888313897,2.5,0,0,0,0,0,0,0,0
circular-blast,35,0.03807126815487301,0.0010761136086550186,0.20661381286176358,1.9359789863982755,0,0.3996992089753167,0.7787697276077229,1,0.36149421910868884,2.5,0,0,0,0,0,0,0,0
circular-blast,36,0.03914738176352803,0.0010751207395485463,0.20642318199332088,1.937766854175044,0,0.39969420646960224,0.7757384252373013,1,0.3623113417615448,2.5,0,0,0,0,0,0,0,0
circular-blast,37,0.040222502503076574,0.0010743121198134625,0.2062679270041848,1.939225384234771,0,0.3996897842949546,0.7727111499012578,1,0.36376700925421906,2.5,0,0,0,0,0,0,0,0
circular-blast,38,0.04129681462289004,0.0010736729896176382,0.20614521400658653,1.9403797557348077,0,0.39968592048583584,0.7696791848638328,1,0.3649790372776129,2.5,0,0,0,0,0,0,0,0
circular-blast,39,0.042370487612507675,0.001073190189151515,0.2060525163170909,1.9412526823232112,0,0.39968258676474133,0.7666560428983348,1,0.3659659233372267,2.5,0,0,0,0,0,0,0,0
circular-blast,40,0.04344367780165919,0.0010724555712298492,0.20591146967613105,1.9425824148074031,0,0.39967761995351025,0.7637588995733932,1,0.3667437646950238,2.5,0,0,0,0,0,0,0,0
circular-blast,41,0.04451613337288904,0.0010716622652521633,0.20575915492841534,1.9440204259157363,0,0.3996736449308009,0.7609784351836365,1,0.36821765935638084,2.5,0,0,0,0,0,0,0,0
circular-blast,42,0.0455877956381412,0.0010710389597230643,0.20563948026682835,1.9451517747515135,0,0.39967016498743474,0.7583051206269028,1,0.36944223729996106,2.5,0,0,0,0,0,0,0,0
circular-blast,43,0.04665883459786426,0.0010705750220825938,0.20555040423985801,1.9459947134583961,0,0.39966714267238057,0.7557301822811977,1,0.37042504568291285,2.5,0,0,0,0,0,0,0,0
circular-blast,44,0.04772940961994686,0.0010702609142154125,0.2054900955293592,1.9465658379766062,0,0.3996645387012515,0.7526455866666858,1,0.37118070702817296,2.5,0,0,0,0,0,0,0,0
circular-blast,45,0.04879967053416227,0.0010698771751437935,0.20541641762760834,1.9472640240720431,0,0.39965393205434324,0.7496752835449731,1,0.37261069181483886,2.5,0,0,0,0,0,0,0,0
circular-blast,46,0.049869547709306065,0.0010693238320153907,0.205310175746955,1.9482716750142983,0,0.3996505177428675,0.7468165357100702,1,0.3737695045769013,2.5,0,0,0,0,0,0,0,0
circular-blast,47,0.05093887154132146,0.0010689354194019466,0.20523560052517376,1.9489796067370722,0,0.39964749380414594,0.7440599133599878,1,0.3746678564141059,2.5,0,0,0,0,0,0,0,0
circular-blast,48,0.0520078069607234,0.0010687044244306694,0.20519124949068854,1.9494008686669253,0,0.39964483305027015,0.7413964242907842,1,0.3753770056133579,2.5,0,0,0,0,0,0,0,0
circular-blast,49,0.05307651138515407,0.0010686240820938697,0.20517582376202298,1.949547430422151,0,0.3996425104549766,0.7388177002615935,1,0.37666664340637224,2.5,0,0,0,0,0,0,0,0
circular-blast,50,0.05414513546724794,0.001068437511333397,0.20514000217601225,1.9498878607634795,0,0.39962575110509874,0.7359042327194142,1,0.3776630098735057,2.5,0,0,0,0,0,0,0,0
circular-blast,51,0.055213572978581336,0.0010681962836655704,0.20509368646378953,1.9503281982823117,0,0.3996225986745172,0.7329477152361386,1,0.3783781988110722,2.5,0,0,0,0,0,0,0,0
circular-blast,52,0.05628176926224691,0.0010681230445473099,0.2050796245530835,1.9504619284909148,0,0.39961981034652,0.7300811393663851,1,0.3789671970800101,2.5,0,0,0,0,0,0,0,0
circular-blast,53,0.057349892306794215,0.0010682127752163744,0.2050968528415439,1.9502980882355938,0,0.3996173733019103,0.7272960797846214,1,0.3799963753035841,2.5,0,0,0,0,0,0,0,0
circular-blast,54,0.05841810508201059,0.0010684610759776549,0.20514452658770974,1.9498448564699076,0,0.3996152768007699,0.7245846868752579,1,0.3807092643761368,2.5,0,0,0,0,0,0,0,0
circular-blast,55,0.059486566157988245,0.001068516948113154,0.20515525403772558,1.949742900205933,0,0.39959212807381744,0.7215360124884318,1,0.3811151758153376,2.5,0,0,0,0,0,0,0,0
circular-blast,56,0.0605550831061014,0.0010687003666556695,0.20519047039788854,1.9494082703955637,0,0.3995893629223239,0.7184277169731461,1,0.3813993072792285,2.5,0,0,0,0,0,0,0,0
circular-blast,57,0.06162378347275707,0.0010690652277272675,0.20526052372363537,1.9487429572116053,0,0.3995870131980805,0.7153948310131697,1,0.3820052959414789,2.5,0,0,0,0,0,0,0,0
circular-blast,58,0.06269284870048433,0.0010696093369826772,0.20536499270067404,1.9477516335172695,0,0.39958507811118366,0.7124297131296613,1,0.3822606026027337,2.5,0,0,0,0,0,0,0,0
circular-blast,59,0.06376245803746701,0.0010703311588510045,0.20550358249939288,1.9464380870400728,0,0.3995835587135566,0.7090849181501018,1,0.3821711549848844,2.5,0,0,0,0,0,0,0,0
circular-blast,60,0.06483278919631802,0.0010709370015133878,0.20561990429057048,1.945336962294966,0,0.3995801758870706,0.7056785261079892,1,0.3818424639830173,2.5,0,0,0,0,0,0,0,0
circular-blast,61,0.06590372619783141,0.0010717397928426736,0.20577404022579335,1.9438797992258152,0,0.3996245309123571,0.7023384246493725,1,0.38164787376114645,2.5,0,0,0,0,0,0,0,0
circular-blast,62,0.06697546599067408,0.0010727559124590123,0.20596913519213036,1.9420385468282682,0,0.3996707363531686,0.6986733631918507,1,0.3812947468081066,2.5,0,0,0,0,0,0,0,0
circular-blast,63,0.06804822190313309,0.001073987262118674,0.20620555432678542,1.9398119575678245,0,0.39971865236953774,0.6948243032936648,1,0.3808041612453376,2.5,0,0,0,0,0,0,0,0
circular-blast,64,0.06912220916525176,0.0010754365561872396,0.20648381878795002,1.9371978024621037,0,0.39976812578995574,0.690871400403222,1,0.37991001007718206,2.5,0,0,0,0,0,0,0,0
circular-blast,65,0.070197645721439,0.001077107332837319,0.20680460790476526,1.9341928792234762,0,0.3998189873968568,0.6864338179806537,1,0.3786122745741807,2.5,0,0,0,0,0,0,0,0
circular-blast,66,0.07127475305427632,0.0010790039442584996,0.20716875729763193,1.9307930656036825,0,0.39987105062252337,0.6814883763877426,1,0.3769100023154546,2.5,0,0,0,0,0,0,0,0
circular-blast,67,0.07235375699853482,0.001081131528869958,0.20757725354303194,1.926993411718292,0,0.39992411092090036,0.6761497514876643,1,0.37491874914239753,2.5,0,0,0,0,0,0,0,0
circular-blast,68,0.07343488852740478,0.0010834959638476428,0.20803122505874744,1.9227882731885138,0,0.39997794569693096,0.6700559296421132,1,0.3727337295428117,2.5,0,0,0,0,0,0,0,0
circular-blast,69,0.07451838449125242,0.0010860160591153862,0.20851508335015415,1.9183264518485217,0,0.39999999999999997,0.662857813850158,1,0.37004983115491524,2.5,0,0,0,0,0,0,0,0
circular-blast,70,0.07560440055036781,0.0010887252281463163,0.20903524380409275,1.9135529144304435,0,0.39999999999999997,0.654179900359828,1,0.3668636594438605,2.5,0,0,0,0,0,0,0,0
circular-blast,71,0.07669312577851413,0.0010916911861786063,0.20960470774629242,1.9083540837458857,0,0.4,0.6415584568996728,1,0.36317245169324525,2.5,0,0,0,0,0,0,0,0
circular-blast,72,0.07778481696469274,0.001094922366318724,0.210225094333195,1.9027224188850755,0,0.39999999999999997,0.6284230509836852,1,0.35897426092253737,2.5,0,0,0,0,0,0,0,0
circular-blast,73,0.07887973933101146,0.0010984273632656304,0.21089805374700105,1.8966509784857983,0,0.4,0.6157802506195243,1,0.35426841768728706,2.5,0,0,0,0,0,0,0,0
circular-blast,74,0.07997816669427708,0.0011022147379235263,0.21162522968131706,1.890133802110237,0,0.39999999999999997,0.6036365631955254,0.9895308096200792,0.3490558663390933,2.5,0,0,0,0,0,0,0,0
circular-blast,75,0.08108038143220062,0.001106292808055465,0.21240821914664929,1.883166299340964,0,0.4,0.5919953771975777,0.9630299672614063,0.34333947281003485,2.5,0,0,0,0,0,0,0,0
circular-blast,76,0.08218667424025608,0.0011104202212794793,0.21320068248566004,1.8761666019849828,0,0.4,0.5808600432410982,0.9378688688901549,0.337124366640514,2.5,0,0,0,0,0,0,0,0
circular-blast,77,0.08329709446153556,0.001114703920293285,0.21402315269631073,1.8689566757648044,0,0.4,0.5702304816680435,0.9140240862255494,0.33073965188795007,2.5,0,0,0,0,0,0,0,0
circular-blast,78,0.08441179838182884,0.0011192566352762339,0.2148972739730369,1.8613544630174688,0,0.39999999999999997,0.5601038327644279,0.8914667044839635,0.32400247551204386,2.5,0,0,0,0,0,0,0,0
circular-blast,79,0.08553105501710508,0.001123770649029637,0.2157639646136903,1.8538776885944368,0,0.4,0.5504786910513256,0.8701719158770613,0.31685248433246394,2.5,0,0,0,0,0,0,0,0
circular-blast,80,0.08665482566613471,0.001128387352289149,0.21665037163951661,1.846292701798628,0,0.39999999999999997,0.5413510850572333,0.8501101125697433,0.30930068545842687,2.5,0,0,0,0,0,0,0,0
circular-blast,81,0.08778321301842386,0.001133084836344508,0.21755228857814557,1.8386384377488107,0,0.4,0.5327163377209713,0.8312511469278374,0.302011509077685,2.5,0,0,0,0,0,0,0,0
circular-blast,82,0.08891629785476837,0.0011376866628755294,0.21843583927210164,1.8312013327708878,0,0.39999999999999997,0.5245703576858483,0.8135671885259508,0.2945372732896582,2.5,0,0,0,0,0,0,0,0
circular-blast,83,0.0900539845176439,0.0011424993916574768,0.21935988319823554,1.8234874771451257,0,0.39999999999999997,0.5169062213867489,0.7970253289523024,0.2874185566788403,2.5,0,0,0,0,0,0,0,0
circular-blast,84,0.09119648390930138,0.0011470383319271596,0.22023135973001465,1.8162717629785639,0,0.4,0.5097199658918223,0.781600174133812,0.28094874324489866,2.5,0,0,0,0,0,0,0,0
circular-blast,85,0.09234352224122853,0.0011517921596795602,0.22114409465847557,1.8087754078070275,0,0.4,0.5030040169956689,0.7672596576197783,0.27537023926221466,2.5,0,0,0,0,0,0,0,0
circular-blast,86,0.0934953144009081,0.0011565290213611738,0.22205357210134538,1.8013671035088765,0,0.4,0.4967522402982009,0.7539759542138493,0.27084678850438354,2.5,0,0,0,0,0,0,0,0
circular-blast,87,0.09465184342226927,0.0011611824475208801,0.222947029924009,1.7941481442311167,0,0.39999999999999997,0.4909587095642888,0.7417227915366245,0.2675754615971818,2.5,0,0,0,0,0,0,0,0
circular-blast,88,0.09581302586979015,0.001166043971347385,0.22388044249869793,1.7866678997756866,0,0.4,0.4856160055319629,0.7304718525769502,0.2650156173466458,2.5,0,0,0,0,0,0,0,0
circular-blast,89,0.09697906984113754,0.0011709163164726527,0.22481593276274933,1.7792333269462905,0,0.4000000000000001,0.4807178837210748,0.7201984165996369,0.2626848301151381,2.5,0,0,0,0,0,0,0,0
circular-blast,90,0.09814998615761018,0.0011756592198236193,0.2257265702061349,1.7720554546800473,0,0.4,0.47625868348910144,0.7108800586258468,0.26051204765097286,2.5,0,0,0,0,0,0,0,0
circular-blast,91,0.0993256453774338,0.0011806050790534534,0.22667617517826305,1.7646318572537734,0,0.4,0.47223146127130555,0.7024927281561033,0.25846330250343613,2.5,0,0,0,0,0,0,0,0
circular-blast,92,0.10050625045648726,0.00118575757484976,0.22766545437115393,1.756963967611423,0,0.4,0.4686296064806421,0.6950141257787694,0.2565133544678288,2.5,0,0,0,0,0,0,0,0
circular-blast,93,0.10169200803133702,0.001190705836785965,0.22861552066290527,1.7496624850322477,0,0.4,0.4654479125677251,0.6884258841463285,0.2546449828198425,2.5,0,0,0,0,0,0,0,0
circular-blast,94,0.10288271386812298,0.0011957240336917196,0.22957901446881016,1.742319527442447,0,0.4,0.4626802090721858,0.6827086197380413,0.25284646681693557,2.5,0,0,0,0,0,0,0,0
circular-blast,95,0.1040784379018147,0.0012009438550035117,0.23058122016067426,1.73474665335395,0,0.4,0.46032008346775233,0.677843420392628,0.25113912416775835,2.5,0,0,0,0,0,0,0,0
circular-blast,96,0.10527938175681821,0.0012063670132555194,0.23162246654505972,1.7269481927487556,0,0.39999999999999997,0.4583612468326233,0.6738125733746531,0.24949545335664527,2.5,0,0,0,0,0,0,0,0
circular-blast,97,0.10648574877007373,0.0012116489213941325,0.23263659290767344,1.7194199545328972,0,0.39999999999999997,0.4567978918873533,0.6706002670707947,0.2479040634996461,2.5,0,0,0,0,0,0,0,0
circular-blast,98,0.10769739769146787,0.0012169305000010015,0.2336506560001923,1.7119575303040055,0,0.39999999999999997,0.4556235637466429,0.6681902351046963,0.246363406609987,2.5,0,0,0,0,0,0,0,0
circular-blast,99,0.10891432819146887,0.0012224103600228116,0.23470278912437983,1.7042831126647648,0,0.39999999999999997,0.4548312621481657,0.6665659378576972,0.2448726043087562,2.5,0,0,0,0,0,0,0,0
circular-blast,100,0.11013673855149168,0.0012280882107377944,0.23579293646165653,1.696403658237006,0,0.4,0.45441371260859387,0.6657110814369498,0.2434528679909825,2.5,0,0,0,0,0,0,0,0
circular-blast,101,0.11136482676222947,0.0012339161967460314,0.23691190977523804,1.6883912690564444,0,0.4,0.45436324244238646,0.6656093194268456,0.24208270012087021,2.5,0,0,0,0,0,0,0,0
circular-blast,102,0.11259874295897551,0.0012394504951397931,0.2379744950668403,1.680852395075579,0,0.4,0.4544989588364783,0.6658886317895405,0.2407556369530725,2.5,0,0,0,0,0,0,0,0
circular-blast,103,0.1138381934541153,0.00124517772446172,0.23907412309665027,1.6731212680775676,0,0.39999999999999997,0.45498219713638877,0.666882267681628,0.23946889825437673,2.5,0,0,0,0,0,0,0,0
circular-blast,104,0.11508337117857703,0.0012510956581363274,0.24021036636217485,1.6652070685280245,0,0.39999999999999997,0.45581102068094903,0.6685864147584908,0.23821695685826447,2.5,0,0,0,0,0,0,0,0
circular-blast,105,0.11633446683671336,0.0012572011219500738,0.2413826154144142,1.6571201671390705,0,0.4,0.456975499438913,0.6709823539241029,0.2370213326850753,2.5,0,0,0,0,0,0,0,0
circular-blast,106,0.11759166795866344,0.001263383541299715,0.24256963992954528,1.6490109814079807,0,0.39999999999999997,0.45846432312332175,0.6740490289928548,0.2358565916772093,2.5,0,0,0,0,0,0,0,0
circular-blast,107,0.11885505149996316,0.0012693454736799456,0.24371433094654957,1.6412658149664838,0,0.4,0.46026481671013353,0.6777629930299016,0.2347037709369238,2.5,0,0,0,0,0,0,0,0
circular-blast,108,0.1201243969736431,0.0012754891632739847,0.24489391934860508,1.633360277233353,0,0.4,0.4623629155980028,0.6820982608347494,0.23359339333505882,2.5,0,0,0,0,0,0,0,0
circular-blast,109,0.12139988613691709,0.001281809690073749,0.24610746049415982,1.6253062755466208,0,0.4,0.46474332144164576,0.6870265275215578,0.23250083315747097,2.5,0,0,0,0,0,0,0,0
circular-blast,110,0.12268169582699083,0.0012883012915711467,0.24735384798166019,1.6171165448360345,0,0.4,0.4673892465719947,0.6925165311827834,0.23141512410266604,2.5,0,0,0,0,0,0,0,0
circular-blast,111,0.12396999711856198,0.0012949297375118255,0.2486265096022705,1.6088388991177276,0,0.4,0.4702823479143827,0.6985337988238237,0.2303679078246437,2.5,0,0,0,0,0,0,0,0
circular-blast,112,0.1252649268560738,0.0013012847365515914,0.24984666941790556,1.6009819179576126,0,0.4,0.4734022326007869,0.7050394933715008,0.22930971703470385,2.5,0,0,0,0,0,0,0,0
circular-blast,113,0.12656621159262538,0.001307804609139486,0.2510984849547813,1.5930004518825887,0,0.4,0.4767270057675235,0.711991422777741,0.22829283746897852,2.5,0,0,0,0,0,0,0,0
circular-blast,114,0.12787401620176486,0.0013144821327424005,0.2523805694865409,1.5849080648870295,0,0.4000000000000001,0.4802339385154371,0.7193453204295984,0.22726588864914143,2.5,0,0,0,0,0,0,0,0
circular-blast,115,0.12918849833450727,0.0013213093787567138,0.2536914007212891,1.57671879639093,0,0.4,0.4838991945107349,0.7270541735361493,0.2262628983089824,2.5,0,0,0,0,0,0,0,0
circular-blast,116,0.13050980771326398,0.0013282777685947819,0.25502933157019814,1.5684470391590934,0,0.39999999999999997,0.4876980453946997,0.7350685807582826,0.22527150854067451,2.5,9.01292909536583e-16,0,8.552847072295026e-50,3.154525183378041e-15,9.01292909536583e-16,-1.0263416486754031e-48,0,3.1545251833780417e-15
circular-blast,117,0.13183808548185877,0.001335118460888447,0.2563427444905818,1.5604108506948449,0,0.4,0.491604744517854,0.7433364031864053,0.2242656326568643,2.5,4.978500785978145e-15,0,9.408131779524529e-49,1.742475275092351e-14,4.978500785978145e-15,9.75024566241633e-48,0,1.742475275092351e-14
circular-blast,118,0.1331732039427472,0.0013419648927683893,0.2576572594115308,1.5524499519771693,0,0.4,0.49559300851720556,0.7518037117028578,0.22331554918116545,2.5,1.0442775034855855e-14,0,-5.3882936555458664e-48,3.65497126219955e-14,1.0442775034855855e-14,1.5395124730131047e-48,0,3.65497126219955e-14
circular-blast,119,0.1345151688355156,0.0013489455535880342,0.2589975462889026,1.5444161758730108,0,0.4,0.4996369395391705,0.760416704358212,0.22230697518450418,2.5,1.9825445351880203e-14,0,-1.1973985901213036e-47,6.93890587315807e-14,1.9825445351880203e-14,-5.901464479883568e-47,0,6.938905873158074e-14
circular-blast,120,0.13586411438910362,0.0013464977084502415,0.25852756002244637,1.5472238238943286,0,0.4001127595503264,0.503530047213425,0.7686975874994433,0.22139349396049324,2.5,3.7998291830038113e-14,0,-6.7054321046793e-47,1.3299402140513344e-13,3.7998291830038113e-14,1.0870668628886978e-46,0,1.3299402140513344e-13
circular-blast,121,0.13721061209755386,0.0013438410121431844,0.2580174743314914,1.5502825963101037,0,0.40011842208706494,0.5069427291410824,0.7759386993134502,0.22044020624480432,2.5,7.42780305841653e-14,0,-3.617854311580796e-47,2.5997310704457875e-13,7.404841198445562e-14,1.4420100163889414e-46,0,2.5916944194559483e-13
circular-blast,122,0.13855445310969705,0.0013415428667402753,0.25757623041413286,1.5529383257021707,0,0.4001235148556356,0.5099759842492246,0.7823491834353868,0.21951151840639496,2.5,1.4554851744486818e-13,0,-1.888040991209127e-45,5.094198110570389e-13,1.4531889884515845e-13,6.3872661935899255e-46,0,5.086161459580555e-13
circular-blast,123,0.13989599597643732,0.001339587769067731,0.25720085166100437,1.5552048036264188,0,0.4001280476333777,0.5126890307073985,0.7880149685811495,0.21861953908530665,2.5,2.860155381037337e-13,0,-8.042926329844797e-45,1.0010543833630696e-12,2.8349818301120855e-13,-6.975787600634546e-45,0,9.922436405392321e-13
circular-blast,124,0.14123558374550504,0.0013379497673939504,0.2568863553396385,1.5571087824853365,0,0.40012883135090027,0.5151680139045236,0.7930831880559249,0.21766977960512218,2.5,5.562603490907359e-13,0,3.045155671619921e-45,1.9469112218175815e-12,5.496310695706824e-13,-4.3308196435273094e-45,0,1.923708743497394e-12
circular-blast,125,0.142573533512899,0.0013365347618004046,0.2566146742656777,1.5587573124749405,0,0.40010218523578733,0.5174314055593661,0.7977192649832614,0.21682887548556637,2.5,1.0689379298775427e-12,0,1.3852020061347578e-44,3.741282754571421e-12,1.0554638228436466e-12,5.421889238845841e-44,0,3.694123379952786e-12
circular-blast,126,0.1439100682746994,0.0013352407472969903,0.25636622348102217,1.5602679423547796,0,0.4000748987863907,0.5194814877190088,0.8019121738270112,0.215940806317299,2.5,2.02802367342127e-12,0,-2.2585277682467944e-43,7.09808285697453e-12,2.002697746362594e-12,-2.394641090783538e-43,0,7.0094421122691585e-12
circular-blast,127,0.1452453090219964,0.001334099666598039,0.2561471359868235,1.561602469061284,0,0.40005126249531514,0.5214829677761281,0.805639313673129,0.2150525102501087,2.5,3.799749181863525e-12,0,-4.0612492989333e-43,1.3299122136522621e-11,3.752336456922969e-12,6.848404169104494e-43,0,1.3133177599230667e-11
circular-blast,128,0.14657940868859443,0.00133323759886676,0.25598161898241795,1.5626121968838473,0,0.4000288966095239,0.5232541185322636,0.8092483263666838,0.21423326577748564,2.5,7.033496132893002e-12,0,3.93457233257142e-43,2.4617236465126468e-11,6.94331258856357e-12,-2.189922367001323e-42,0,2.4301594059973424e-11
circular-blast,129,0.14791264628746117,0.0013326417625550327,0.2558672184105663,1.5633108550785795,0,0.4000077969896101,0.5250384755384702,0.8123498065457364,0.21334902384767404,2.5,1.2856117861785334e-11,0,1.0322338033812485e-41,4.499641251625195e-11,1.2692043178764377e-11,3.5829860646364637e-42,0,4.442215112567846e-11
circular-blast,130,0.14924528805001622,0.0007547119499837773,0.14490469439688525,1.5637125927738205,0,0.22658929538045153,0.5264981627343803,0.815217349991068,0.21284903158556653,2.5,2.32232975424416e-11,0,2.27539992048744e-41,8.128154139855606e-11,2.292696001775068e-11,-1.5039199073668903e-41,0,8.024436006213752e-11
