cell,x,density,momentum,energy,velocity,pressure,alpha,courant,reference_density,reference_momentum,reference_energy
0,0.005,0.9999999985048714,1.7690600070814003e-9,2.499999994767049,1.7690600097263725e-9,0.9999999979068197,1.1832159612273796,0.019192456760305263,1.0000000000000053,0,2.5000000000000133
1,0.015,0.9999999949211354,6.0093933928293374e-9,2.4999999822239736,6.0093934233502324e-9,0.9999999928895895,1.1832159716511723,0.019192456929385295,0.9999999999999966,0,2.499999999999991
2,0.025,0.9999999834726344,1.9555441879802756e-8,2.4999999421542216,1.95554422030027e-8,0.9999999768616887,1.1832160035962578,0.019192457447553313,1.0000000000000056,0,2.5000000000000138
3,0.035,0.999999948472845,6.096774668669305e-8,2.4999998196549695,6.096774982818774e-8,0.9999999278619871,1.1832160972719596,0.01919245896702813,0.9999999999999963,0,2.4999999999999907
4,0.045,0.9999998460803321,1.8212016557061807e-7,2.4999994612812593,1.821201936024978e-7,0.9999997845124972,1.1832163600903363,0.019192463230096324,0.9999999999999963,0,2.4999999999999907
5,0.055,0.9999995594543682,5.212603041299249e-7,2.4999984580910235,5.212605337689761e-7,0.9999993832363551,1.1832170654768686,0.019192474671879536,1.000000000000006,0,2.5000000000000147
6,0.065,0.9999987918424581,0.0000014295090397475346,2.4999957714537446,0.0000014295107668217487,0.9999983085810892,1.1832188762009892,0.019192504042886627,0.9999999999999957,0,2.499999999999989
7,0.075,0.9999968255171875,0.0000037560841048147126,2.499988889343316,0.000003756096028476997,0.9999955557345048,1.1832233206181961,0.01919257613394005,1.000000000000006,0,2.5000000000000147
8,0.085,0.999992008947561,0.00000945505306325284,2.499972031513436,0.000009455128619681456,0.9999888125874947,1.1832337478639119,0.019192745269980372,0.999999999999997,0,2.4999999999999925
9,0.095,0.9999807307041834,0.000022799254029411774,2.4999325585417185,0.00002279969336344772,0.9999730233127242,1.1832571223116246,0.019193124417229666,0.9999999999999957,0,2.499999999999989
10,0.105,0.9999554965999641,0.000052654673526192244,2.499844243518849,0.00005265701694248194,0.999937696853012,1.1833071631302596,0.01919393610865319,1.0000000000000013,0,2.5000000000000036
11,0.115,0.9999015744422967,0.00011644720693785935,2.4996555356203016,0.00011645866944734909,0.9998622115358633,1.183409418156118,0.01919559474513767,1.0000000000000013,0,2.5000000000000036
12,0.125,0.999791588059531,0.0002465470704429201,2.499270664832026,0.0002465984645074248,0.9997082537731846,1.1836087448951271,0.01919882794173488,1,0,2.5
13,0.135,0.9995775773927931,0.0004996230853601274,2.4985219374458154,0.0004998342266373148,0.9994087250325825,1.1839791699974178,0.019204836454121132,1,0,2.5
14,0.145,0.9991805943311144,0.0009688319051861196,2.4971335747670382,0.0009696264225734776,0.9988532420258125,1.1846350644849493,0.0192154754473428,1.0000000000000029,0,2.500000000000007
15,0.155,0.9984790352749974,0.0017972995507128356,2.4946815468556474,0.0018000373440167725,0.997871971700997,1.185741066640128,0.019233415450888778,1,0,2.5
16,0.165,0.997298558368402,0.0031892889740542155,2.4905598448419695,0.0031979279898608783,0.9962218981134923,1.1875166771816268,0.019262216895136967,1,0,2.5
17,0.175,0.9954080878866197,0.005413358486787907,2.483969674047259,0.005438330823975088,0.9935819816920397,1.1902308716662275,0.019306242721352767,0.9999999999999984,0,2.499999999999996
18,0.185,0.9925270424144162,0.008791029827768786,2.4739503050318175,0.008857219453067769,0.9895645491966465,1.1941834803375688,0.019370356351916397,1,0,2.5
19,0.195,0.9883473313972895,0.013666618446757862,2.4594641910646793,0.01382774861893591,0.9837478807130012,1.1996738843767143,0.019459413925149775,1,0,2.5
20,0.205,0.9825693306662816,0.02035967793653101,2.4395324009955703,0.020720856331557878,0.9757285864059322,1.2069627237638128,0.019577643174377095,0.9999999999999939,0,2.499999999999985
21,0.215,0.9749451205995315,0.029109449351474363,2.4133938384993296,0.029857526066260874,0.9651837081711747,1.2162363111984786,0.019728066200844815,1,0,2.5
22,0.225,0.9653176584275368,0.040026759836142366,2.38064451609765,0.04146485821190128,0.9519258656548026,1.227583703390663,0.019912127556613552,1,0,2.5
23,0.235,0.9536443830297603,0.05306861583787629,2.341313576693135,0.055648223574992925,0.9359347958374618,1.2409921903046934,0.020129621077451205,1.0000000000000029,0,2.500000000000007
24,0.245,0.9399988960943559,0.06804315051881889,2.2958539490672427,0.0723864153474376,0.9173564996758965,1.2563603901590041,0.020378902291407805,1,0,2.5
25,0.255,0.9245522877991429,0.08464141098009953,2.245056871371162,0.09154853878690278,0.8964729890492468,1.2735226885547304,0.0206572848358131,1,0,2.5
26,0.265,0.907542060920455,0.10248393295956684,2.1899236423254806,0.11292471982579487,0.8736548630469714,1.292276867761822,0.020961488620499832,0.992277817804803,0.009051776158172434,2.4731396591882144
27,0.275,0.8892385433261766,0.12116809234212224,2.1315337877187495,0.13626050428369393,0.8493114300143736,1.3124083738299954,0.02128803345457429,0.9597060564273812,0.046440191485311574,2.361379488819057
28,0.285,0.8699164083918051,0.14030611811533947,2.070938247023412,0.16128689694992676,0.8238493911265823,1.3337079033131927,0.021633524313400317,0.9261118954221971,0.0834017486260219,2.249160845950098
29,0.295,0.8498348513656829,0.15954971388549583,2.0090893759875854,0.18774202261662928,0.7976449131964807,1.355981917218713,0.021994821881019914,0.8934651556178608,0.11768863606197763,2.1431300579485484
30,0.305,0.8292264638382884,0.17860210987097233,1.9468058966429806,0.2153839966036135,0.7710287514120228,1.3790573792981382,0.022369119408010698,0.8617456547789173,0.14941578056302646,2.042959878972552
31,0.315,0.8082929434884697,0.19722077284685485,1.8847640690377392,0.2439966529902883,0.7442813859201376,1.4027825259704871,0.02275395520009097,0.830933499346758,0.17869480730335968,1.948337114791248
32,0.325,0.7872053066469726,0.21521436166593833,1.823505211302263,0.27339038475569194,0.7176345770927449,1.4270252855637053,0.023147186977289673,0.801009082360146,0.20563409946841876,1.858962182909484
33,0.335,0.7661066065064874,0.23243682125609094,1.7634515335764178,0.30340010030199716,0.6912763424539721,1.4516705233983256,0.023546947187587826,0.7719530813757328,0.23033885734191858,1.7745486815582914
34,0.345,0.7451157510517028,0.24878054951486567,1.7049248723447803,0.3338817481226525,0.6653572919837246,1.4766168556672463,0.02395159132618009,0.7437464563885771,0.2529111568730247,1.6948229674648672
35,0.355,0.7243315616173637,0.2641697489750686,1.6481651859428097,0.3647083227813553,0.6399970931614701,1.5017734462326202,0.02435964597764186,0.7163704477526676,0.27345000772362876,1.6195237423150748
36,0.365,0.7038366134568635,0.27855450147496447,1.5933472691249353,0.39576585836712286,0.615290435374321,1.527056985160918,0.02476975980599614,0.6898065741014352,0.2920514107957875,1.5484016478220988
37,0.375,0.6837006545478315,0.29190575482905223,1.5405951220999845,0.42694964951014336,0.5913122368971423,1.5523889222604026,0.02518065868106904,0.6640366302682787,0.3088084152392568,1.481218869314344
38,0.385,0.6639835435912564,0.30421122134997275,1.4899939401615636,0.4581607846854154,0.5681220456878631,1.577692965075547,0.025591105094491993,0.639042685207082,0.3238111749391908,1.4177487477562551
39,0.395,0.6447377202530385,0.3154720987303934,1.4415999383541762,0.4893029968939631,0.5457676866726285,1.6028928267460218,0.025999861628653826,0.6148070799127315,0.3371470044839392,1.3577754001150462
40,0.405,0.6260102487287766,0.3257004904378225,1.3954483113132612,0.5202798054811633,0.5242882469632825,1.6279102104892456,0.02640565826382575,0.5913124253416374,0.3489004346129971,1.301093347986983
41,0.415,0.6078444784198163,0.3349173973648068,1.3515596277434114,0.5509919218736268,0.503716495008775,1.6526630360481316,0.026807163610103785,0.5685416003322518,0.3591532671450746,1.2475071543964709
42,0.425,0.5902813540313715,0.3431511584679944,1.3099449162095702,0.5813349110969157,0.48408081684366905,1.6770639452583282,0.027202960666833007,0.5464777495255873,0.36798462938629106,1.1968310686812347
43,0.435,0.5733603878975654,0.35043622637536403,1.2706096377787615,0.6111971349474735,0.46540673160301926,1.7010191671851618,0.027591528414463246,0.5251042812857375,0.3754710280185167,1.1488886793770747
44,0.445,0.5571202831097093,0.35681216978388136,1.2335566734767685,0.6404580493681598,0.4477180241405863,1.7244278767850134,0.027971231411660524,0.5044048656203957,0.38168640246782104,1.1035125750154606
45,0.455,0.541599169142662,0.36232279601632733,1.1987883864442088,0.6689869864273892,0.4310375074935019,1.7471822420838619,0.028340320560570693,0.48436343210137284,0.38670217775307375,1.0605440127473658
46,0.465,0.5268343842459293,0.3670152844172614,1.166307753998904,0.6966426174756591,0.41538740392155876,1.7691684172061435,0.02869694921432987,0.4649641677851188,0.390587316814658,1.019832594706659
47,0.475,0.5128617141458073,0.3709392161921622,1.1361185082527927,0.7232733619236464,0.4007893125081916,1.7902687900440992,0.029039209635579342,0.4461915151332397,0.393408372323319,0.9812359520264227
48,0.485,0.49971398001288997,0.37414538268200015,1.1082241831349073,0.7487190625972665,0.3872637172146104,1.8103658136568697,0.029365195144005735,0.42948700509329124,0.39513698454428264,0.9475162958193364
49,0.495,0.4874188685820497,0.37668425807756245,1.0826259525886246,0.7728142719902795,0.37482898690016786,1.8293477106423321,0.029673092644597387,0.42631942817849516,0.39539107064191553,0.941178687332019
50,0.505,0.47599592537968477,0.3786040426760185,1.0593191756913498,0.7953934529460934,0.36349983491585425,1.847116205000869,0.029961308043008845,0.42631942817849516,0.39539107064191553,0.941178687332019
51,0.515,0.46545270206451156,0.37994822889763785,1.0382886579913395,0.8162982558966371,0.3532852478805042,1.863596174983734,0.030228622820422064,0.42631942817849516,0.39539107064191553,0.941178687332019
52,0.525,0.45578017400091064,0.38075272363146284,1.01950280934321,0.8353867617565615,0.3441859667723883,1.8787467215427962,0.030474373570292073,0.42631942817849516,0.39539107064191553,0.941178687332019
53,0.535,0.4469477309537855,0.38104268179427425,1.0029071283446378,0.8525441688251331,0.3361917080504153,1.89257264046533,0.030698638083100842,0.42631942817849516,0.39539107064191553,0.941178687332019
54,0.545,0.43889828406643944,0.38082936254977,0.9884177476369675,0.8676938971402334,0.3292784363075389,1.9051347625551094,0.030902403070158378,0.42631942817849516,0.39539107064191553,0.941178687332019
55,0.555,0.4315442941122288,0.3801074924714917,0.9759160723600725,0.8808075964796322,0.3234061155744861,1.9165572363160046,0.031087682293001427,0.42631942817849516,0.39539107064191553,0.941178687332019
56,0.565,0.4247657478579931,0.3788537732470238,0.9652457399164921,0.8919122484746145,0.3185174318186279,1.9270297501083196,0.031257552608072406,0.4263194281784952,0.39539107064191553,0.9411786873320191
57,0.575,0.41841120333318244,0.3770272545618887,0.9562131105951645,0.901092637000115,0.31453794763124865,1.936803063818373,0.03141608148777965,0.42631942817849516,0.39539107064191553,0.941178687332019
58,0.585,0.41230289420790334,0.37457224772370584,0.9485921771056317,0.9084880387350086,0.311377989502438,1.9461770614780178,0.03156813322697974,0.42631942817849516,0.39539107064191553,0.941178687332019
59,0.595,0.4062464561217931,0.37142423187224743,0.9421341421200162,0.9142830079504597,0.308936284059637,1.9554816973540987,0.03171905987737484,0.42631942817849516,0.39539107064191553,0.941178687332019
60,0.605,0.40004510761439765,0.36751877948363665,0.9365810512107209,0.9186933485458019,0.30710500884883074,1.9650524037886945,0.03187430234825988,0.42631942817849516,0.39539107064191553,0.941178687332019
61,0.615,0.3935171794250103,0.36280292961103533,0.9316819823115737,0.9219494054647036,0.3057756038734802,1.9752024467645009,0.03203894199758166,0.42631942817849516,0.39539107064191553,0.941178687332019
62,0.625,0.38651493800053993,0.3572477633552589,0.9272096271700307,0.9242793181637907,0.30484450704210475,1.9861951494941474,0.03221725008226873,0.42631942817849516,0.39539107064191553,0.941178687332019
63,0.635,0.3789419583596482,0.3508603516318741,0.9229748596143498,0.9258947020558693,0.3042179956982576,1.99821884067547,0.03241228140424094,0.42631942817849516,0.39539107064191553,0.941178687332019
64,0.645,0.37076612000178194,0.34369294865814537,0.9188371558955633,0.9269804605029541,0.3038155327944762,2.011366979419326,0.0326255519250833,0.42631942817849516,0.39539107064191553,0.941178687332019
65,0.655,0.362025767502573,0.3358474588066725,0.914709451148564,0.9276893772603785,0.30357135647645705,2.0256253839828484,0.03285683160860994,0.42631942817849516,0.39539107064191553,0.941178687332019
66,0.665,0.35282765086843454,0.3274738590971795,0.9105569984101067,0.9281411428246898,0.30343440699850915,2.0408679994946035,0.033104075770884304,0.42631942817849516,0.39539107064191553,0.941178687332019
67,0.675,0.34333670293757856,0.3187623027751462,0.9063908009912852,0.9284247796633028,0.3033669562527177,2.0568621837493577,0.03336351081890994,0.42631942817849516,0.39539107064191553,0.941178687332019
68,0.685,0.3337591604393231,0.30992980475208126,0.9022569894017614,0.9286031410916916,0.3033424377185611,2.073283927683395,0.033629881135665875,0.3538315332820011,0.32816198259832924,0.9100027904072563
69,0.695,0.3243216256502999,0.3012033999174342,0.8982239555378493,0.9287182108608664,0.3033429656798339,2.0897425585407388,0.03389684977994931,0.265573711705307,0.24630703473721152,0.8720444974783743
70,0.705,0.3152491488701625,0.29280220672514684,0.8943690802341044,0.9287961847780895,0.3033569175934574,2.1058131696881515,0.034157524516992624,0.265573711705307,0.24630703473721152,0.8720444974783743
71,0.715,0.3067452297859081,0.2849207994873826,0.8907665203998726,0.9288516065473689,0.30337677969142585,2.121073323761207,0.03440505316501636,0.265573711705307,0.24630703473721152,0.8720444974783743
72,0.725,0.2989759112592673,0.27771573222692264,0.8874768170785782,0.9288899933683682,0.3033972538981198,2.1351386896907387,0.0346332016486967,0.265573711705307,0.24630703473721152,0.8720444974783743
73,0.735,0.2920590954775652,0.2712960987005025,0.8845380436032662,0.9289082343314398,0.3034133814363281,2.1476903638081986,0.03483679716351625,0.265573711705307,0.24630703473721152,0.8720444974783743
74,0.745,0.2860590520791489,0.26571775561207783,0.8819566185506964,0.9288912680118828,0.30341806683152367,2.1584843553207143,0.03501188203573194,0.265573711705307,0.24630703473721152,0.8720444974783743
75,0.755,0.2809848679999057,0.2609791686779865,0.879693076821652,0.928801506414481,0.30339766172647825,2.1673294849466487,0.03515535522528302,0.265573711705307,0.24630703473721152,0.8720444974783743
76,0.765,0.2767900997113771,0.2570142141239596,0.8776323896948237,0.9285527711864016,0.3033227037261099,2.174009774863181,0.035263713445228224,0.265573711705307,0.24630703473721152,0.8720444974783743
77,0.775,0.27336844211363875,0.2536722711596089,0.8755162941785489,0.927950092550031,0.30312747617143243,2.1781021405469776,0.03533009401649109,0.265573711705307,0.24630703473721152,0.8720444974783743
78,0.785,0.27053556707990595,0.25066580293958735,0.8727892826160311,0.9265539671741209,0.30266463421670026,2.178598539531629,0.035338145899123666,0.265573711705307,0.24630703473721152,0.8720444974783743
79,0.795,0.2679813057998306,0.24745206306930248,0.8682738923682479,0.9233930043394053,0.30161045615778975,2.178598539531629,0.035338145899123666,0.265573711705307,0.24630703473721152,0.8720444974783743
80,0.805,0.26516659651718527,0.24299927501256774,0.859554154317165,0.9164022852207899,0.2992846435411635,2.178598539531629,0.035338145899123666,0.265573711705307,0.24630703473721152,0.8720444974783743
81,0.815,0.26112241635714545,0.23536544994563424,0.8419005462070193,0.901360569610069,0.2943303912769023,2.173190459563042,0.03525042367059176,0.26557371170530647,0.24630703473721102,0.8720444974783724
82,0.825,0.2541904805693235,0.2212138634959527,0.8070474855496479,0.870268087933461,0.28431592101805986,2.15695250748162,0.034987034565465654,0.265573711705307,0.24630703473721152,0.8720444974783743
83,0.835,0.2419324938373572,0.19591141008758675,0.7435328458324233,0.8097771695739687,0.2656842209033751,2.1203240213796066,0.034392899040976026,0.265573711705307,0.24630703473721152,0.8720444974783743
84,0.845,0.22190177532979913,0.15582240553248802,0.6426493798830057,0.7022134243896816,0.2351756349560811,2.0471443872339172,0.03320588246065608,0.265573711705307,0.24630703473721152,0.8720444974783743
85,0.855,0.1941035034367311,0.10385447683984085,0.512260188522602,0.5350468950896226,0.19379067233417802,1.9157618854614862,0.03107478123572632,0.13106078505848323,0.010619439280824218,0.27681922494820416
86,0.865,0.1641241180437817,0.05348782736438444,0.3860380625171339,0.32589864306302646,0.15092890293516512,1.710412936798787,0.0277439008663517,0.125,0,0.25
87,0.875,0.14149978279849992,0.020297280264025736,0.30231585443797676,0.14344389696293522,0.12034403757942656,1.452550443927031,0.023561220014572146,0.125,0,0.25
88,0.885,0.13030403727685794,0.0060012867185288195,0.2656888768040059,0.046056030526343876,0.10622027163274117,1.2288009687972394,0.01993187231534492,0.125,0,0.25
89,0.895,0.12644421651072513,0.001564526932964385,0.25412321413348715,0.012373258153975593,0.1016454139942688,1.1119023506651944,0.018035708176795437,0.125,0,0.25
90,0.905,0.1253656801514469,0.00038975716961861913,0.25103010845517987,0.0031089622705973157,0.10041180103400493,1.0725149636347306,0.017396821661353718,0.12499999999999946,0,0.24999999999999892
91,0.915,0.12508989201753443,0.00009532422520260401,0.25025213678933056,0.0007620457869548882,0.10010084018744739,1.0618526220231643,0.01722387222773442,0.12500000000000056,0,0.2500000000000011
92,0.925,0.12502174330094526,0.000023023526430356666,0.2500609105372434,0.000184156178137236,0.10002436336691244,1.059169285497654,0.01718034693571099,0.12499999999999946,0,0.24999999999999892
93,0.935,0.1250051882874746,0.0000054915614237793105,0.250014529076709,0.00004393066799075859,0.10000581158243403,1.0585102257600358,0.017169656600276726,0.12500000000000083,0,0.25000000000000167
94,0.945,0.12500122028221336,0.0000012914737389291092,0.25000341690554384,0.000010331689050821812,0.10000136675954892,1.0583505012544023,0.01716706577512867,0.12499999999999946,0,0.24999999999999892
95,0.955,0.12500028238572694,2.988518229965149e-7,0.25000079068691017,0.0000023908091829290064,0.10000031627462116,1.0583122662245357,0.017166445580522195,0.12500000000000056,0,0.2500000000000011
96,0.965,0.1250000641584311,6.789906490706502e-8,0.25000017964400373,5.431922404536246e-7,0.10000007185759413,1.0583032384312234,0.017166299144420534,0.12499999999999946,0,0.24999999999999892
97,0.975,0.12500001428064944,1.511322791654842e-8,0.25000003998584064,1.2090580951947952e-7,0.1000000159943359,1.0583011402388882,0.01716626511051042,0.12500000000000056,0,0.2500000000000011
98,0.985,0.1250000031073549,3.288515870705829e-9,0.25000000870059497,2.6308126311657147e-8,0.10000000348023796,1.0583006612910948,0.017166257341696346,0.12499999999999946,0,0.24999999999999892
99,0.995,0.12500000065959574,6.980505755785446e-10,0.2500000018468681,5.584404575160761e-9,0.10000000073874725,1.0583005541564894,0.01716625560391022,0.12500000000000056,0,0.2500000000000011
